--------------------------------------------------------
--  File created - Saturday-June-27-2026   
--------------------------------------------------------
--------------------------------------------------------
--  DDL for Sequence WORKER_SEQ
--------------------------------------------------------

   CREATE SEQUENCE  "TEST"."WORKER_SEQ"  MINVALUE 1 MAXVALUE 9999999999999999999999999999 INCREMENT BY 1 START WITH 2016 CACHE 20 NOORDER  NOCYCLE  NOKEEP  NOSCALE  GLOBAL ;
--------------------------------------------------------
--  DDL for Table CUSTOMER
--------------------------------------------------------

  CREATE TABLE "TEST"."CUSTOMER" 
   (	"CUST_ID" VARCHAR2(5 BYTE), 
	"CUST_NAME" VARCHAR2(50 BYTE), 
	"CUST_NOPHONE" VARCHAR2(15 BYTE), 
	"CUST_EMAIL" VARCHAR2(50 BYTE), 
	"CUST_PASSWORD" VARCHAR2(255 BYTE), 
	"CUST_ADDRESS1" VARCHAR2(255 BYTE), 
	"CUST_ADDRESS2" VARCHAR2(255 BYTE), 
	"CUST_POSTCODE" VARCHAR2(10 BYTE), 
	"CUST_STATE" VARCHAR2(100 BYTE)
   ) SEGMENT CREATION IMMEDIATE 
  PCTFREE 10 PCTUSED 40 INITRANS 1 MAXTRANS 255 
 NOCOMPRESS LOGGING
  STORAGE(INITIAL 65536 NEXT 1048576 MINEXTENTS 1 MAXEXTENTS 2147483645
  PCTINCREASE 0 FREELISTS 1 FREELIST GROUPS 1
  BUFFER_POOL DEFAULT FLASH_CACHE DEFAULT CELL_FLASH_CACHE DEFAULT)
  TABLESPACE "USERS" ;
--------------------------------------------------------
--  DDL for Table DELIVERY
--------------------------------------------------------

  CREATE TABLE "TEST"."DELIVERY" 
   (	"ORDER_ID" NUMBER(10,0), 
	"TRACKING_NO" VARCHAR2(30 BYTE), 
	"DATE_TIME" TIMESTAMP (6), 
	"ADDRESS" VARCHAR2(255 BYTE)
   ) SEGMENT CREATION IMMEDIATE 
  PCTFREE 10 PCTUSED 40 INITRANS 1 MAXTRANS 255 
 NOCOMPRESS LOGGING
  STORAGE(INITIAL 65536 NEXT 1048576 MINEXTENTS 1 MAXEXTENTS 2147483645
  PCTINCREASE 0 FREELISTS 1 FREELIST GROUPS 1
  BUFFER_POOL DEFAULT FLASH_CACHE DEFAULT CELL_FLASH_CACHE DEFAULT)
  TABLESPACE "USERS" ;
--------------------------------------------------------
--  DDL for Table ORDERDETAILS
--------------------------------------------------------

  CREATE TABLE "TEST"."ORDERDETAILS" 
   (	"ORDER_ID" NUMBER(10,0), 
	"PRODUCT_ID" NUMBER(10,0), 
	"SUBTOTAL" NUMBER(10,2), 
	"QUANTITY" NUMBER(10,0)
   ) SEGMENT CREATION IMMEDIATE 
  PCTFREE 10 PCTUSED 40 INITRANS 1 MAXTRANS 255 
 NOCOMPRESS LOGGING
  STORAGE(INITIAL 65536 NEXT 1048576 MINEXTENTS 1 MAXEXTENTS 2147483645
  PCTINCREASE 0 FREELISTS 1 FREELIST GROUPS 1
  BUFFER_POOL DEFAULT FLASH_CACHE DEFAULT CELL_FLASH_CACHE DEFAULT)
  TABLESPACE "USERS" ;
--------------------------------------------------------
--  DDL for Table ORDERS
--------------------------------------------------------

  CREATE TABLE "TEST"."ORDERS" 
   (	"ORDER_ID" NUMBER(10,0) GENERATED BY DEFAULT AS IDENTITY MINVALUE 1 MAXVALUE 9999999999999999999999999999 INCREMENT BY 1 START WITH 1 CACHE 20 NOORDER  NOCYCLE  NOKEEP  NOSCALE , 
	"ORDER_DATE" DATE, 
	"ORDER_STATUS" VARCHAR2(256 BYTE), 
	"ORDER_TYPE" VARCHAR2(256 BYTE), 
	"CUST_ID" VARCHAR2(5 BYTE), 
	"WORKER_ID" NUMBER(10,0)
   ) SEGMENT CREATION IMMEDIATE 
  PCTFREE 10 PCTUSED 40 INITRANS 1 MAXTRANS 255 
 NOCOMPRESS LOGGING
  STORAGE(INITIAL 65536 NEXT 1048576 MINEXTENTS 1 MAXEXTENTS 2147483645
  PCTINCREASE 0 FREELISTS 1 FREELIST GROUPS 1
  BUFFER_POOL DEFAULT FLASH_CACHE DEFAULT CELL_FLASH_CACHE DEFAULT)
  TABLESPACE "USERS" ;
--------------------------------------------------------
--  DDL for Table PICKUP
--------------------------------------------------------

  CREATE TABLE "TEST"."PICKUP" 
   (	"ORDER_ID" NUMBER(10,0), 
	"DATE_TIME" TIMESTAMP (6)
   ) SEGMENT CREATION IMMEDIATE 
  PCTFREE 10 PCTUSED 40 INITRANS 1 MAXTRANS 255 
 NOCOMPRESS LOGGING
  STORAGE(INITIAL 65536 NEXT 1048576 MINEXTENTS 1 MAXEXTENTS 2147483645
  PCTINCREASE 0 FREELISTS 1 FREELIST GROUPS 1
  BUFFER_POOL DEFAULT FLASH_CACHE DEFAULT CELL_FLASH_CACHE DEFAULT)
  TABLESPACE "USERS" ;
--------------------------------------------------------
--  DDL for Table PRODUCT
--------------------------------------------------------

  CREATE TABLE "TEST"."PRODUCT" 
   (	"PRODUCT_ID" NUMBER(10,0) GENERATED BY DEFAULT AS IDENTITY MINVALUE 1 MAXVALUE 9999999999999999999999999999 INCREMENT BY 1 START WITH 1 CACHE 20 NOORDER  NOCYCLE  NOKEEP  NOSCALE , 
	"PRODUCT_NAME" VARCHAR2(50 BYTE), 
	"PRODUCT_DESC" VARCHAR2(200 BYTE), 
	"FLAVOUR_TOPPING" VARCHAR2(100 BYTE), 
	"PRICE" NUMBER(8,2)
   ) SEGMENT CREATION IMMEDIATE 
  PCTFREE 10 PCTUSED 40 INITRANS 1 MAXTRANS 255 
 NOCOMPRESS LOGGING
  STORAGE(INITIAL 65536 NEXT 1048576 MINEXTENTS 1 MAXEXTENTS 2147483645
  PCTINCREASE 0 FREELISTS 1 FREELIST GROUPS 1
  BUFFER_POOL DEFAULT FLASH_CACHE DEFAULT CELL_FLASH_CACHE DEFAULT)
  TABLESPACE "USERS" ;
--------------------------------------------------------
--  DDL for Table SALESRECEIPT
--------------------------------------------------------

  CREATE TABLE "TEST"."SALESRECEIPT" 
   (	"RECEIPT_ID" NUMBER(10,0) GENERATED BY DEFAULT AS IDENTITY MINVALUE 1 MAXVALUE 9999999999999999999999999999 INCREMENT BY 1 START WITH 1 CACHE 20 NOORDER  NOCYCLE  NOKEEP  NOSCALE , 
	"RECEIPT_DATE" DATE, 
	"RECEIPT_TIME" TIMESTAMP (6), 
	"PAYMENT_METHOD" VARCHAR2(20 BYTE), 
	"TOTAL_AMOUNT" NUMBER(10,2), 
	"ORDER_ID" NUMBER(10,0)
   ) SEGMENT CREATION IMMEDIATE 
  PCTFREE 10 PCTUSED 40 INITRANS 1 MAXTRANS 255 
 NOCOMPRESS LOGGING
  STORAGE(INITIAL 65536 NEXT 1048576 MINEXTENTS 1 MAXEXTENTS 2147483645
  PCTINCREASE 0 FREELISTS 1 FREELIST GROUPS 1
  BUFFER_POOL DEFAULT FLASH_CACHE DEFAULT CELL_FLASH_CACHE DEFAULT)
  TABLESPACE "USERS" ;
--------------------------------------------------------
--  DDL for Table WORKER
--------------------------------------------------------

  CREATE TABLE "TEST"."WORKER" 
   (	"WORKER_ID" NUMBER(*,0), 
	"WORKER_NAME" VARCHAR2(50 BYTE), 
	"WORKER_NOPHONE" VARCHAR2(15 BYTE), 
	"OWNER_ID" NUMBER(*,0), 
	"WORKER_PASSWORD" VARCHAR2(255 BYTE), 
	"WORKER_EMAIL" VARCHAR2(255 BYTE)
   ) SEGMENT CREATION IMMEDIATE 
  PCTFREE 10 PCTUSED 40 INITRANS 1 MAXTRANS 255 
 NOCOMPRESS LOGGING
  STORAGE(INITIAL 65536 NEXT 1048576 MINEXTENTS 1 MAXEXTENTS 2147483645
  PCTINCREASE 0 FREELISTS 1 FREELIST GROUPS 1
  BUFFER_POOL DEFAULT FLASH_CACHE DEFAULT CELL_FLASH_CACHE DEFAULT)
  TABLESPACE "USERS" ;
REM INSERTING into TEST.CUSTOMER
SET DEFINE OFF;
Insert into TEST.CUSTOMER (CUST_ID,CUST_NAME,CUST_NOPHONE,CUST_EMAIL,CUST_PASSWORD,CUST_ADDRESS1,CUST_ADDRESS2,CUST_POSTCODE,CUST_STATE) values ('00002','imharim','012399944','imharim@gmail.com','$2y$10$oykx3aR8PvH4Xn0OWcxVquaVhbXBJGl7WlHbA19/RLnzrJS9W5BdG','No.40555','Jln 344','43506','Selangor');
Insert into TEST.CUSTOMER (CUST_ID,CUST_NAME,CUST_NOPHONE,CUST_EMAIL,CUST_PASSWORD,CUST_ADDRESS1,CUST_ADDRESS2,CUST_POSTCODE,CUST_STATE) values ('00001','Test User','0123456789','test@gmail.com','$2y$10$oykx3aR8PvH4Xn0OWcxVquaVhbXBJGl7WlHbA19/RLnzrJS9W5BdG','123 Test Street',null,'50000','KL');
REM INSERTING into TEST.DELIVERY
SET DEFINE OFF;
Insert into TEST.DELIVERY (ORDER_ID,TRACKING_NO,DATE_TIME,ADDRESS) values (2,'TRK0001',to_timestamp('01-MAY-25 12.00.00.000000000 PM','DD-MON-RR HH.MI.SSXFF AM'),'No 12, Jalan Kenari 1, Bukit Mertajam, Pulau Pinang');
Insert into TEST.DELIVERY (ORDER_ID,TRACKING_NO,DATE_TIME,ADDRESS) values (4,'TRK0002',to_timestamp('01-MAY-25 05.00.00.000000000 PM','DD-MON-RR HH.MI.SSXFF AM'),'No 45, Jalan Mawar, Butterworth, Pulau Pinang');
Insert into TEST.DELIVERY (ORDER_ID,TRACKING_NO,DATE_TIME,ADDRESS) values (6,'TRK0003',to_timestamp('02-MAY-25 01.00.00.000000000 PM','DD-MON-RR HH.MI.SSXFF AM'),'No 8, Taman Seri Jaya, Nibong Tebal, Pulau Pinang');
Insert into TEST.DELIVERY (ORDER_ID,TRACKING_NO,DATE_TIME,ADDRESS) values (8,'TRK0004',to_timestamp('02-MAY-25 06.00.00.000000000 PM','DD-MON-RR HH.MI.SSXFF AM'),'No 22, Jalan Aman, Simpang Ampat, Pulau Pinang');
Insert into TEST.DELIVERY (ORDER_ID,TRACKING_NO,DATE_TIME,ADDRESS) values (10,'TRK0005',to_timestamp('03-MAY-25 01.30.00.000000000 PM','DD-MON-RR HH.MI.SSXFF AM'),'No 5, Jalan Damai, Sungai Petani, Kedah');
Insert into TEST.DELIVERY (ORDER_ID,TRACKING_NO,DATE_TIME,ADDRESS) values (12,'TRK0006',to_timestamp('03-MAY-25 06.30.00.000000000 PM','DD-MON-RR HH.MI.SSXFF AM'),'No 19, Taman Melati, Kulim, Kedah');
Insert into TEST.DELIVERY (ORDER_ID,TRACKING_NO,DATE_TIME,ADDRESS) values (14,'TRK0007',to_timestamp('01-JUN-25 12.30.00.000000000 PM','DD-MON-RR HH.MI.SSXFF AM'),'No 7, Jalan Cempaka, Parit Buntar, Perak');
Insert into TEST.DELIVERY (ORDER_ID,TRACKING_NO,DATE_TIME,ADDRESS) values (16,'TRK0008',to_timestamp('01-JUN-25 05.30.00.000000000 PM','DD-MON-RR HH.MI.SSXFF AM'),'No 31, Jalan Merdeka, Taiping, Perak');
Insert into TEST.DELIVERY (ORDER_ID,TRACKING_NO,DATE_TIME,ADDRESS) values (18,'TRK0009',to_timestamp('02-JUN-25 01.00.00.000000000 PM','DD-MON-RR HH.MI.SSXFF AM'),'No 15, Taman Sentosa, Kepala Batas, Pulau Pinang');
Insert into TEST.DELIVERY (ORDER_ID,TRACKING_NO,DATE_TIME,ADDRESS) values (20,'TRK0010',to_timestamp('02-JUN-25 06.00.00.000000000 PM','DD-MON-RR HH.MI.SSXFF AM'),'No 40, Jalan Bestari, Jawi, Pulau Pinang');
Insert into TEST.DELIVERY (ORDER_ID,TRACKING_NO,DATE_TIME,ADDRESS) values (22,'TRK0011',to_timestamp('03-JUN-25 01.30.00.000000000 PM','DD-MON-RR HH.MI.SSXFF AM'),'No 9, Jalan Harmoni, Seberang Jaya, Pulau Pinang');
Insert into TEST.DELIVERY (ORDER_ID,TRACKING_NO,DATE_TIME,ADDRESS) values (24,'TRK0012',to_timestamp('03-JUN-25 06.30.00.000000000 PM','DD-MON-RR HH.MI.SSXFF AM'),'No 11, Taman Indah, Batu Kawan, Pulau Pinang');
REM INSERTING into TEST.ORDERDETAILS
SET DEFINE OFF;
Insert into TEST.ORDERDETAILS (ORDER_ID,PRODUCT_ID,SUBTOTAL,QUANTITY) values (1,1,42,1);
Insert into TEST.ORDERDETAILS (ORDER_ID,PRODUCT_ID,SUBTOTAL,QUANTITY) values (1,9,120,1);
Insert into TEST.ORDERDETAILS (ORDER_ID,PRODUCT_ID,SUBTOTAL,QUANTITY) values (1,11,50,1);
Insert into TEST.ORDERDETAILS (ORDER_ID,PRODUCT_ID,SUBTOTAL,QUANTITY) values (2,2,45,1);
Insert into TEST.ORDERDETAILS (ORDER_ID,PRODUCT_ID,SUBTOTAL,QUANTITY) values (2,6,65,1);
Insert into TEST.ORDERDETAILS (ORDER_ID,PRODUCT_ID,SUBTOTAL,QUANTITY) values (3,3,48,1);
Insert into TEST.ORDERDETAILS (ORDER_ID,PRODUCT_ID,SUBTOTAL,QUANTITY) values (3,7,85,1);
Insert into TEST.ORDERDETAILS (ORDER_ID,PRODUCT_ID,SUBTOTAL,QUANTITY) values (3,12,75,1);
Insert into TEST.ORDERDETAILS (ORDER_ID,PRODUCT_ID,SUBTOTAL,QUANTITY) values (4,4,55,1);
Insert into TEST.ORDERDETAILS (ORDER_ID,PRODUCT_ID,SUBTOTAL,QUANTITY) values (4,10,180,1);
Insert into TEST.ORDERDETAILS (ORDER_ID,PRODUCT_ID,SUBTOTAL,QUANTITY) values (5,5,75,1);
Insert into TEST.ORDERDETAILS (ORDER_ID,PRODUCT_ID,SUBTOTAL,QUANTITY) values (5,8,95,1);
Insert into TEST.ORDERDETAILS (ORDER_ID,PRODUCT_ID,SUBTOTAL,QUANTITY) values (5,11,50,1);
Insert into TEST.ORDERDETAILS (ORDER_ID,PRODUCT_ID,SUBTOTAL,QUANTITY) values (6,1,42,1);
Insert into TEST.ORDERDETAILS (ORDER_ID,PRODUCT_ID,SUBTOTAL,QUANTITY) values (6,6,65,1);
Insert into TEST.ORDERDETAILS (ORDER_ID,PRODUCT_ID,SUBTOTAL,QUANTITY) values (7,2,45,1);
Insert into TEST.ORDERDETAILS (ORDER_ID,PRODUCT_ID,SUBTOTAL,QUANTITY) values (7,9,120,1);
Insert into TEST.ORDERDETAILS (ORDER_ID,PRODUCT_ID,SUBTOTAL,QUANTITY) values (7,15,20,1);
Insert into TEST.ORDERDETAILS (ORDER_ID,PRODUCT_ID,SUBTOTAL,QUANTITY) values (8,3,48,1);
Insert into TEST.ORDERDETAILS (ORDER_ID,PRODUCT_ID,SUBTOTAL,QUANTITY) values (8,12,75,1);
Insert into TEST.ORDERDETAILS (ORDER_ID,PRODUCT_ID,SUBTOTAL,QUANTITY) values (9,4,55,1);
Insert into TEST.ORDERDETAILS (ORDER_ID,PRODUCT_ID,SUBTOTAL,QUANTITY) values (9,7,85,1);
Insert into TEST.ORDERDETAILS (ORDER_ID,PRODUCT_ID,SUBTOTAL,QUANTITY) values (9,13,25,1);
Insert into TEST.ORDERDETAILS (ORDER_ID,PRODUCT_ID,SUBTOTAL,QUANTITY) values (10,5,75,1);
Insert into TEST.ORDERDETAILS (ORDER_ID,PRODUCT_ID,SUBTOTAL,QUANTITY) values (10,10,180,1);
Insert into TEST.ORDERDETAILS (ORDER_ID,PRODUCT_ID,SUBTOTAL,QUANTITY) values (11,6,65,1);
Insert into TEST.ORDERDETAILS (ORDER_ID,PRODUCT_ID,SUBTOTAL,QUANTITY) values (11,9,120,1);
Insert into TEST.ORDERDETAILS (ORDER_ID,PRODUCT_ID,SUBTOTAL,QUANTITY) values (11,14,30,1);
Insert into TEST.ORDERDETAILS (ORDER_ID,PRODUCT_ID,SUBTOTAL,QUANTITY) values (12,7,85,1);
Insert into TEST.ORDERDETAILS (ORDER_ID,PRODUCT_ID,SUBTOTAL,QUANTITY) values (12,11,50,1);
Insert into TEST.ORDERDETAILS (ORDER_ID,PRODUCT_ID,SUBTOTAL,QUANTITY) values (13,8,95,1);
Insert into TEST.ORDERDETAILS (ORDER_ID,PRODUCT_ID,SUBTOTAL,QUANTITY) values (13,10,180,1);
Insert into TEST.ORDERDETAILS (ORDER_ID,PRODUCT_ID,SUBTOTAL,QUANTITY) values (13,15,20,1);
Insert into TEST.ORDERDETAILS (ORDER_ID,PRODUCT_ID,SUBTOTAL,QUANTITY) values (14,1,42,1);
Insert into TEST.ORDERDETAILS (ORDER_ID,PRODUCT_ID,SUBTOTAL,QUANTITY) values (14,12,75,1);
Insert into TEST.ORDERDETAILS (ORDER_ID,PRODUCT_ID,SUBTOTAL,QUANTITY) values (15,2,45,1);
Insert into TEST.ORDERDETAILS (ORDER_ID,PRODUCT_ID,SUBTOTAL,QUANTITY) values (15,9,120,1);
Insert into TEST.ORDERDETAILS (ORDER_ID,PRODUCT_ID,SUBTOTAL,QUANTITY) values (15,13,25,1);
Insert into TEST.ORDERDETAILS (ORDER_ID,PRODUCT_ID,SUBTOTAL,QUANTITY) values (16,3,48,1);
Insert into TEST.ORDERDETAILS (ORDER_ID,PRODUCT_ID,SUBTOTAL,QUANTITY) values (16,6,65,1);
Insert into TEST.ORDERDETAILS (ORDER_ID,PRODUCT_ID,SUBTOTAL,QUANTITY) values (17,4,55,1);
Insert into TEST.ORDERDETAILS (ORDER_ID,PRODUCT_ID,SUBTOTAL,QUANTITY) values (17,11,50,1);
Insert into TEST.ORDERDETAILS (ORDER_ID,PRODUCT_ID,SUBTOTAL,QUANTITY) values (17,14,30,1);
Insert into TEST.ORDERDETAILS (ORDER_ID,PRODUCT_ID,SUBTOTAL,QUANTITY) values (18,5,75,1);
Insert into TEST.ORDERDETAILS (ORDER_ID,PRODUCT_ID,SUBTOTAL,QUANTITY) values (18,10,180,1);
Insert into TEST.ORDERDETAILS (ORDER_ID,PRODUCT_ID,SUBTOTAL,QUANTITY) values (19,6,65,1);
Insert into TEST.ORDERDETAILS (ORDER_ID,PRODUCT_ID,SUBTOTAL,QUANTITY) values (19,8,95,1);
Insert into TEST.ORDERDETAILS (ORDER_ID,PRODUCT_ID,SUBTOTAL,QUANTITY) values (19,15,20,1);
Insert into TEST.ORDERDETAILS (ORDER_ID,PRODUCT_ID,SUBTOTAL,QUANTITY) values (20,7,85,1);
Insert into TEST.ORDERDETAILS (ORDER_ID,PRODUCT_ID,SUBTOTAL,QUANTITY) values (20,9,120,1);
Insert into TEST.ORDERDETAILS (ORDER_ID,PRODUCT_ID,SUBTOTAL,QUANTITY) values (21,1,42,1);
Insert into TEST.ORDERDETAILS (ORDER_ID,PRODUCT_ID,SUBTOTAL,QUANTITY) values (21,10,180,1);
Insert into TEST.ORDERDETAILS (ORDER_ID,PRODUCT_ID,SUBTOTAL,QUANTITY) values (21,12,75,1);
Insert into TEST.ORDERDETAILS (ORDER_ID,PRODUCT_ID,SUBTOTAL,QUANTITY) values (22,2,45,1);
Insert into TEST.ORDERDETAILS (ORDER_ID,PRODUCT_ID,SUBTOTAL,QUANTITY) values (22,11,50,1);
Insert into TEST.ORDERDETAILS (ORDER_ID,PRODUCT_ID,SUBTOTAL,QUANTITY) values (23,3,48,1);
Insert into TEST.ORDERDETAILS (ORDER_ID,PRODUCT_ID,SUBTOTAL,QUANTITY) values (23,9,120,1);
Insert into TEST.ORDERDETAILS (ORDER_ID,PRODUCT_ID,SUBTOTAL,QUANTITY) values (23,14,30,1);
Insert into TEST.ORDERDETAILS (ORDER_ID,PRODUCT_ID,SUBTOTAL,QUANTITY) values (24,4,55,1);
Insert into TEST.ORDERDETAILS (ORDER_ID,PRODUCT_ID,SUBTOTAL,QUANTITY) values (24,8,95,1);
REM INSERTING into TEST.ORDERS
SET DEFINE OFF;
REM INSERTING into TEST.PICKUP
SET DEFINE OFF;
Insert into TEST.PICKUP (ORDER_ID,DATE_TIME) values (1,to_timestamp('01-MAY-25 10.00.00.000000000 AM','DD-MON-RR HH.MI.SSXFF AM'));
Insert into TEST.PICKUP (ORDER_ID,DATE_TIME) values (3,to_timestamp('01-MAY-25 02.00.00.000000000 PM','DD-MON-RR HH.MI.SSXFF AM'));
Insert into TEST.PICKUP (ORDER_ID,DATE_TIME) values (5,to_timestamp('02-MAY-25 10.30.00.000000000 AM','DD-MON-RR HH.MI.SSXFF AM'));
Insert into TEST.PICKUP (ORDER_ID,DATE_TIME) values (7,to_timestamp('02-MAY-25 03.00.00.000000000 PM','DD-MON-RR HH.MI.SSXFF AM'));
Insert into TEST.PICKUP (ORDER_ID,DATE_TIME) values (9,to_timestamp('03-MAY-25 11.00.00.000000000 AM','DD-MON-RR HH.MI.SSXFF AM'));
Insert into TEST.PICKUP (ORDER_ID,DATE_TIME) values (11,to_timestamp('03-MAY-25 04.00.00.000000000 PM','DD-MON-RR HH.MI.SSXFF AM'));
Insert into TEST.PICKUP (ORDER_ID,DATE_TIME) values (13,to_timestamp('01-JUN-25 10.00.00.000000000 AM','DD-MON-RR HH.MI.SSXFF AM'));
Insert into TEST.PICKUP (ORDER_ID,DATE_TIME) values (15,to_timestamp('01-JUN-25 03.30.00.000000000 PM','DD-MON-RR HH.MI.SSXFF AM'));
Insert into TEST.PICKUP (ORDER_ID,DATE_TIME) values (17,to_timestamp('02-JUN-25 11.00.00.000000000 AM','DD-MON-RR HH.MI.SSXFF AM'));
Insert into TEST.PICKUP (ORDER_ID,DATE_TIME) values (19,to_timestamp('02-JUN-25 02.30.00.000000000 PM','DD-MON-RR HH.MI.SSXFF AM'));
Insert into TEST.PICKUP (ORDER_ID,DATE_TIME) values (21,to_timestamp('03-JUN-25 10.30.00.000000000 AM','DD-MON-RR HH.MI.SSXFF AM'));
Insert into TEST.PICKUP (ORDER_ID,DATE_TIME) values (23,to_timestamp('03-JUN-25 03.00.00.000000000 PM','DD-MON-RR HH.MI.SSXFF AM'));
REM INSERTING into TEST.PRODUCT
SET DEFINE OFF;
Insert into TEST.PRODUCT (PRODUCT_ID,PRODUCT_NAME,PRODUCT_DESC,FLAVOUR_TOPPING,PRICE) values (1,'Fudgy Brownies','8x8 inch brownies','Plain',42);
Insert into TEST.PRODUCT (PRODUCT_ID,PRODUCT_NAME,PRODUCT_DESC,FLAVOUR_TOPPING,PRICE) values (2,'Fudgy Brownies','8x8 inch brownies','Sea Salt',45);
Insert into TEST.PRODUCT (PRODUCT_ID,PRODUCT_NAME,PRODUCT_DESC,FLAVOUR_TOPPING,PRICE) values (3,'Fudgy Brownies','8x8 inch brownies','Nutella',48);
Insert into TEST.PRODUCT (PRODUCT_ID,PRODUCT_NAME,PRODUCT_DESC,FLAVOUR_TOPPING,PRICE) values (4,'Fudgy Brownies','8x8 inch brownies','Walnut',55);
Insert into TEST.PRODUCT (PRODUCT_ID,PRODUCT_NAME,PRODUCT_DESC,FLAVOUR_TOPPING,PRICE) values (5,'Banana Chocolate Chip Walnut Muffin','25 pcs','Pecan Crunch',75);
Insert into TEST.PRODUCT (PRODUCT_ID,PRODUCT_NAME,PRODUCT_DESC,FLAVOUR_TOPPING,PRICE) values (6,'Carrot Cupcake','25 pcs','Cream Cheese Frosting',65);
Insert into TEST.PRODUCT (PRODUCT_ID,PRODUCT_NAME,PRODUCT_DESC,FLAVOUR_TOPPING,PRICE) values (7,'Chocolate Cupcake','25 pcs','Belgian Chocolate Ganache',85);
Insert into TEST.PRODUCT (PRODUCT_ID,PRODUCT_NAME,PRODUCT_DESC,FLAVOUR_TOPPING,PRICE) values (8,'Classic Vanilla Cupcake','25 pcs','Vanilla Bean Frosting',95);
Insert into TEST.PRODUCT (PRODUCT_ID,PRODUCT_NAME,PRODUCT_DESC,FLAVOUR_TOPPING,PRICE) values (9,'Burnt Cheesecake','9 inch','Original',120);
Insert into TEST.PRODUCT (PRODUCT_ID,PRODUCT_NAME,PRODUCT_DESC,FLAVOUR_TOPPING,PRICE) values (10,'Tiramisu Burnt Cheesecake','9 inch','Tiramisu',180);
Insert into TEST.PRODUCT (PRODUCT_ID,PRODUCT_NAME,PRODUCT_DESC,FLAVOUR_TOPPING,PRICE) values (11,'Agar-Agar Cendol','64 pcs','Original',50);
Insert into TEST.PRODUCT (PRODUCT_ID,PRODUCT_NAME,PRODUCT_DESC,FLAVOUR_TOPPING,PRICE) values (12,'Orange Butter Cake','36 pcs','Original',75);
Insert into TEST.PRODUCT (PRODUCT_ID,PRODUCT_NAME,PRODUCT_DESC,FLAVOUR_TOPPING,PRICE) values (13,'Mini Brownies Box','12 pcs','Nutella',25);
Insert into TEST.PRODUCT (PRODUCT_ID,PRODUCT_NAME,PRODUCT_DESC,FLAVOUR_TOPPING,PRICE) values (14,'Chocolate Muffin','12 pcs','Chocolate Chips',30);
Insert into TEST.PRODUCT (PRODUCT_ID,PRODUCT_NAME,PRODUCT_DESC,FLAVOUR_TOPPING,PRICE) values (15,'Vanilla Cupcake Box','6 pcs','Vanilla Frosting',20);
REM INSERTING into TEST.SALESRECEIPT
SET DEFINE OFF;
Insert into TEST.SALESRECEIPT (RECEIPT_ID,RECEIPT_DATE,RECEIPT_TIME,PAYMENT_METHOD,TOTAL_AMOUNT,ORDER_ID) values (1,to_date('01-MAY-25','DD-MON-RR'),to_timestamp('01-MAY-25 10.30.00.000000000 AM','DD-MON-RR HH.MI.SSXFF AM'),'Cash',212,1);
Insert into TEST.SALESRECEIPT (RECEIPT_ID,RECEIPT_DATE,RECEIPT_TIME,PAYMENT_METHOD,TOTAL_AMOUNT,ORDER_ID) values (2,to_date('01-MAY-25','DD-MON-RR'),to_timestamp('01-MAY-25 11.30.00.000000000 AM','DD-MON-RR HH.MI.SSXFF AM'),'Card',110,2);
Insert into TEST.SALESRECEIPT (RECEIPT_ID,RECEIPT_DATE,RECEIPT_TIME,PAYMENT_METHOD,TOTAL_AMOUNT,ORDER_ID) values (3,to_date('01-MAY-25','DD-MON-RR'),to_timestamp('01-MAY-25 02.30.00.000000000 PM','DD-MON-RR HH.MI.SSXFF AM'),'Online Banking',208,3);
Insert into TEST.SALESRECEIPT (RECEIPT_ID,RECEIPT_DATE,RECEIPT_TIME,PAYMENT_METHOD,TOTAL_AMOUNT,ORDER_ID) values (4,to_date('01-MAY-25','DD-MON-RR'),to_timestamp('01-MAY-25 05.30.00.000000000 PM','DD-MON-RR HH.MI.SSXFF AM'),'Card',235,4);
Insert into TEST.SALESRECEIPT (RECEIPT_ID,RECEIPT_DATE,RECEIPT_TIME,PAYMENT_METHOD,TOTAL_AMOUNT,ORDER_ID) values (5,to_date('02-MAY-25','DD-MON-RR'),to_timestamp('02-MAY-25 10.45.00.000000000 AM','DD-MON-RR HH.MI.SSXFF AM'),'Cash',220,5);
Insert into TEST.SALESRECEIPT (RECEIPT_ID,RECEIPT_DATE,RECEIPT_TIME,PAYMENT_METHOD,TOTAL_AMOUNT,ORDER_ID) values (6,to_date('02-MAY-25','DD-MON-RR'),to_timestamp('02-MAY-25 01.15.00.000000000 PM','DD-MON-RR HH.MI.SSXFF AM'),'Card',107,6);
Insert into TEST.SALESRECEIPT (RECEIPT_ID,RECEIPT_DATE,RECEIPT_TIME,PAYMENT_METHOD,TOTAL_AMOUNT,ORDER_ID) values (7,to_date('02-MAY-25','DD-MON-RR'),to_timestamp('02-MAY-25 03.15.00.000000000 PM','DD-MON-RR HH.MI.SSXFF AM'),'Online Banking',185,7);
Insert into TEST.SALESRECEIPT (RECEIPT_ID,RECEIPT_DATE,RECEIPT_TIME,PAYMENT_METHOD,TOTAL_AMOUNT,ORDER_ID) values (8,to_date('02-MAY-25','DD-MON-RR'),to_timestamp('02-MAY-25 06.15.00.000000000 PM','DD-MON-RR HH.MI.SSXFF AM'),'Cash',123,8);
Insert into TEST.SALESRECEIPT (RECEIPT_ID,RECEIPT_DATE,RECEIPT_TIME,PAYMENT_METHOD,TOTAL_AMOUNT,ORDER_ID) values (9,to_date('03-MAY-25','DD-MON-RR'),to_timestamp('03-MAY-25 11.15.00.000000000 AM','DD-MON-RR HH.MI.SSXFF AM'),'Card',165,9);
Insert into TEST.SALESRECEIPT (RECEIPT_ID,RECEIPT_DATE,RECEIPT_TIME,PAYMENT_METHOD,TOTAL_AMOUNT,ORDER_ID) values (10,to_date('03-MAY-25','DD-MON-RR'),to_timestamp('03-MAY-25 01.45.00.000000000 PM','DD-MON-RR HH.MI.SSXFF AM'),'Online Banking',255,10);
Insert into TEST.SALESRECEIPT (RECEIPT_ID,RECEIPT_DATE,RECEIPT_TIME,PAYMENT_METHOD,TOTAL_AMOUNT,ORDER_ID) values (11,to_date('03-MAY-25','DD-MON-RR'),to_timestamp('03-MAY-25 04.15.00.000000000 PM','DD-MON-RR HH.MI.SSXFF AM'),'Cash',215,11);
Insert into TEST.SALESRECEIPT (RECEIPT_ID,RECEIPT_DATE,RECEIPT_TIME,PAYMENT_METHOD,TOTAL_AMOUNT,ORDER_ID) values (12,to_date('03-MAY-25','DD-MON-RR'),to_timestamp('03-MAY-25 06.45.00.000000000 PM','DD-MON-RR HH.MI.SSXFF AM'),'Card',135,12);
Insert into TEST.SALESRECEIPT (RECEIPT_ID,RECEIPT_DATE,RECEIPT_TIME,PAYMENT_METHOD,TOTAL_AMOUNT,ORDER_ID) values (13,to_date('01-JUN-25','DD-MON-RR'),to_timestamp('01-JUN-25 10.15.00.000000000 AM','DD-MON-RR HH.MI.SSXFF AM'),'Cash',295,13);
Insert into TEST.SALESRECEIPT (RECEIPT_ID,RECEIPT_DATE,RECEIPT_TIME,PAYMENT_METHOD,TOTAL_AMOUNT,ORDER_ID) values (14,to_date('01-JUN-25','DD-MON-RR'),to_timestamp('01-JUN-25 12.45.00.000000000 PM','DD-MON-RR HH.MI.SSXFF AM'),'Card',117,14);
Insert into TEST.SALESRECEIPT (RECEIPT_ID,RECEIPT_DATE,RECEIPT_TIME,PAYMENT_METHOD,TOTAL_AMOUNT,ORDER_ID) values (15,to_date('01-JUN-25','DD-MON-RR'),to_timestamp('01-JUN-25 03.45.00.000000000 PM','DD-MON-RR HH.MI.SSXFF AM'),'Online Banking',190,15);
Insert into TEST.SALESRECEIPT (RECEIPT_ID,RECEIPT_DATE,RECEIPT_TIME,PAYMENT_METHOD,TOTAL_AMOUNT,ORDER_ID) values (16,to_date('01-JUN-25','DD-MON-RR'),to_timestamp('01-JUN-25 05.45.00.000000000 PM','DD-MON-RR HH.MI.SSXFF AM'),'Cash',113,16);
Insert into TEST.SALESRECEIPT (RECEIPT_ID,RECEIPT_DATE,RECEIPT_TIME,PAYMENT_METHOD,TOTAL_AMOUNT,ORDER_ID) values (17,to_date('02-JUN-25','DD-MON-RR'),to_timestamp('02-JUN-25 11.15.00.000000000 AM','DD-MON-RR HH.MI.SSXFF AM'),'Card',135,17);
Insert into TEST.SALESRECEIPT (RECEIPT_ID,RECEIPT_DATE,RECEIPT_TIME,PAYMENT_METHOD,TOTAL_AMOUNT,ORDER_ID) values (18,to_date('02-JUN-25','DD-MON-RR'),to_timestamp('02-JUN-25 01.15.00.000000000 PM','DD-MON-RR HH.MI.SSXFF AM'),'Online Banking',255,18);
Insert into TEST.SALESRECEIPT (RECEIPT_ID,RECEIPT_DATE,RECEIPT_TIME,PAYMENT_METHOD,TOTAL_AMOUNT,ORDER_ID) values (19,to_date('02-JUN-25','DD-MON-RR'),to_timestamp('02-JUN-25 02.45.00.000000000 PM','DD-MON-RR HH.MI.SSXFF AM'),'Cash',180,19);
Insert into TEST.SALESRECEIPT (RECEIPT_ID,RECEIPT_DATE,RECEIPT_TIME,PAYMENT_METHOD,TOTAL_AMOUNT,ORDER_ID) values (20,to_date('02-JUN-25','DD-MON-RR'),to_timestamp('02-JUN-25 06.15.00.000000000 PM','DD-MON-RR HH.MI.SSXFF AM'),'Card',205,20);
Insert into TEST.SALESRECEIPT (RECEIPT_ID,RECEIPT_DATE,RECEIPT_TIME,PAYMENT_METHOD,TOTAL_AMOUNT,ORDER_ID) values (21,to_date('03-JUN-25','DD-MON-RR'),to_timestamp('03-JUN-25 10.45.00.000000000 AM','DD-MON-RR HH.MI.SSXFF AM'),'Cash',297,21);
Insert into TEST.SALESRECEIPT (RECEIPT_ID,RECEIPT_DATE,RECEIPT_TIME,PAYMENT_METHOD,TOTAL_AMOUNT,ORDER_ID) values (22,to_date('03-JUN-25','DD-MON-RR'),to_timestamp('03-JUN-25 01.45.00.000000000 PM','DD-MON-RR HH.MI.SSXFF AM'),'Card',95,22);
Insert into TEST.SALESRECEIPT (RECEIPT_ID,RECEIPT_DATE,RECEIPT_TIME,PAYMENT_METHOD,TOTAL_AMOUNT,ORDER_ID) values (23,to_date('03-JUN-25','DD-MON-RR'),to_timestamp('03-JUN-25 03.15.00.000000000 PM','DD-MON-RR HH.MI.SSXFF AM'),'Online Banking',198,23);
Insert into TEST.SALESRECEIPT (RECEIPT_ID,RECEIPT_DATE,RECEIPT_TIME,PAYMENT_METHOD,TOTAL_AMOUNT,ORDER_ID) values (24,to_date('03-JUN-25','DD-MON-RR'),to_timestamp('03-JUN-25 06.45.00.000000000 PM','DD-MON-RR HH.MI.SSXFF AM'),'Cash',150,24);
REM INSERTING into TEST.WORKER
SET DEFINE OFF;
Insert into TEST.WORKER (WORKER_ID,WORKER_NAME,WORKER_NOPHONE,OWNER_ID,WORKER_PASSWORD,WORKER_EMAIL) values (2001,'Zafira','0175673233',null,'$2y$12$bVbplQux6gfZ2R6bv1.6z.8baQ87iXQ2SQA2JzsSCmmmjpeYe0fXK','zafira@battergoesblop.com');
Insert into TEST.WORKER (WORKER_ID,WORKER_NAME,WORKER_NOPHONE,OWNER_ID,WORKER_PASSWORD,WORKER_EMAIL) values (2002,'Nurul','0171111111',2001,'$2y$12$bVbplQux6gfZ2R6bv1.6z.8baQ87iXQ2SQA2JzsSCmmmjpeYe0fXK','nurul@battergoesblop.com');
Insert into TEST.WORKER (WORKER_ID,WORKER_NAME,WORKER_NOPHONE,OWNER_ID,WORKER_PASSWORD,WORKER_EMAIL) values (2003,'Amira','0171111112',2001,'$2y$12$bVbplQux6gfZ2R6bv1.6z.8baQ87iXQ2SQA2JzsSCmmmjpeYe0fXK','amira@battergoesblop.com');
Insert into TEST.WORKER (WORKER_ID,WORKER_NAME,WORKER_NOPHONE,OWNER_ID,WORKER_PASSWORD,WORKER_EMAIL) values (2004,'Hafiz','0171111113',2001,'$2y$12$bVbplQux6gfZ2R6bv1.6z.8baQ87iXQ2SQA2JzsSCmmmjpeYe0fXK','hafiz@battergoesblop.com');
Insert into TEST.WORKER (WORKER_ID,WORKER_NAME,WORKER_NOPHONE,OWNER_ID,WORKER_PASSWORD,WORKER_EMAIL) values (2005,'Irfan','0171111114',2001,'$2y$12$bVbplQux6gfZ2R6bv1.6z.8baQ87iXQ2SQA2JzsSCmmmjpeYe0fXK','irfan@battergoesblop.com');
Insert into TEST.WORKER (WORKER_ID,WORKER_NAME,WORKER_NOPHONE,OWNER_ID,WORKER_PASSWORD,WORKER_EMAIL) values (2006,'Aqilah','0171111115',2001,'$2y$12$bVbplQux6gfZ2R6bv1.6z.8baQ87iXQ2SQA2JzsSCmmmjpeYe0fXK','aqilah@battergoesblop.com');
Insert into TEST.WORKER (WORKER_ID,WORKER_NAME,WORKER_NOPHONE,OWNER_ID,WORKER_PASSWORD,WORKER_EMAIL) values (2007,'Aiman','0171111116',2001,'$2y$12$bVbplQux6gfZ2R6bv1.6z.8baQ87iXQ2SQA2JzsSCmmmjpeYe0fXK','aiman@battergoesblop.com');
Insert into TEST.WORKER (WORKER_ID,WORKER_NAME,WORKER_NOPHONE,OWNER_ID,WORKER_PASSWORD,WORKER_EMAIL) values (2008,'Syafiq','0171111117',2001,'$2y$12$bVbplQux6gfZ2R6bv1.6z.8baQ87iXQ2SQA2JzsSCmmmjpeYe0fXK','syafiq@battergoesblop.com');
Insert into TEST.WORKER (WORKER_ID,WORKER_NAME,WORKER_NOPHONE,OWNER_ID,WORKER_PASSWORD,WORKER_EMAIL) values (2009,'Danish','0171111118',2001,'$2y$12$bVbplQux6gfZ2R6bv1.6z.8baQ87iXQ2SQA2JzsSCmmmjpeYe0fXK','danish@battergoesblop.com');
Insert into TEST.WORKER (WORKER_ID,WORKER_NAME,WORKER_NOPHONE,OWNER_ID,WORKER_PASSWORD,WORKER_EMAIL) values (2010,'Aina','0171111119',2001,'$2y$12$bVbplQux6gfZ2R6bv1.6z.8baQ87iXQ2SQA2JzsSCmmmjpeYe0fXK','aina@battergoesblop.com');
Insert into TEST.WORKER (WORKER_ID,WORKER_NAME,WORKER_NOPHONE,OWNER_ID,WORKER_PASSWORD,WORKER_EMAIL) values (2011,'Nabila','0171111120',2001,'$2y$12$bVbplQux6gfZ2R6bv1.6z.8baQ87iXQ2SQA2JzsSCmmmjpeYe0fXK','nabila@battergoesblop.com');
Insert into TEST.WORKER (WORKER_ID,WORKER_NAME,WORKER_NOPHONE,OWNER_ID,WORKER_PASSWORD,WORKER_EMAIL) values (2012,'Faris','0171111121',2001,'$2y$12$bVbplQux6gfZ2R6bv1.6z.8baQ87iXQ2SQA2JzsSCmmmjpeYe0fXK','faris@battergoesblop.com');
Insert into TEST.WORKER (WORKER_ID,WORKER_NAME,WORKER_NOPHONE,OWNER_ID,WORKER_PASSWORD,WORKER_EMAIL) values (2013,'Hakim','0171111122',2001,'$2y$12$bVbplQux6gfZ2R6bv1.6z.8baQ87iXQ2SQA2JzsSCmmmjpeYe0fXK','hakim@battergoesblop.com');
Insert into TEST.WORKER (WORKER_ID,WORKER_NAME,WORKER_NOPHONE,OWNER_ID,WORKER_PASSWORD,WORKER_EMAIL) values (2014,'Balqis','0171111123',2001,'$2y$12$bVbplQux6gfZ2R6bv1.6z.8baQ87iXQ2SQA2JzsSCmmmjpeYe0fXK','balqis@battergoesblop.com');
Insert into TEST.WORKER (WORKER_ID,WORKER_NAME,WORKER_NOPHONE,OWNER_ID,WORKER_PASSWORD,WORKER_EMAIL) values (2015,'Aisyah','0171111124',2001,'$2y$12$bVbplQux6gfZ2R6bv1.6z.8baQ87iXQ2SQA2JzsSCmmmjpeYe0fXK','aisyah@battergoesblop.com');
--------------------------------------------------------
--  DDL for Index CUSTOMER_PK
--------------------------------------------------------

  CREATE UNIQUE INDEX "TEST"."CUSTOMER_PK" ON "TEST"."CUSTOMER" ("CUST_ID") 
  PCTFREE 10 INITRANS 2 MAXTRANS 255 COMPUTE STATISTICS 
  STORAGE(INITIAL 65536 NEXT 1048576 MINEXTENTS 1 MAXEXTENTS 2147483645
  PCTINCREASE 0 FREELISTS 1 FREELIST GROUPS 1
  BUFFER_POOL DEFAULT FLASH_CACHE DEFAULT CELL_FLASH_CACHE DEFAULT)
  TABLESPACE "USERS" ;
--------------------------------------------------------
--  DDL for Index PRODUCT_ID_PK
--------------------------------------------------------

  CREATE UNIQUE INDEX "TEST"."PRODUCT_ID_PK" ON "TEST"."PRODUCT" ("PRODUCT_ID") 
  PCTFREE 10 INITRANS 2 MAXTRANS 255 
  STORAGE(INITIAL 65536 NEXT 1048576 MINEXTENTS 1 MAXEXTENTS 2147483645
  PCTINCREASE 0 FREELISTS 1 FREELIST GROUPS 1
  BUFFER_POOL DEFAULT FLASH_CACHE DEFAULT CELL_FLASH_CACHE DEFAULT)
  TABLESPACE "USERS" ;
--------------------------------------------------------
--  DDL for Trigger WORKER_TRG
--------------------------------------------------------

  CREATE OR REPLACE EDITIONABLE TRIGGER "TEST"."WORKER_TRG" 
BEFORE INSERT ON WORKER
FOR EACH ROW
BEGIN
    IF :NEW.WORKER_ID IS NULL THEN
        SELECT WORKER_SEQ.NEXTVAL INTO :NEW.WORKER_ID FROM dual;
    END IF;
END;

/
ALTER TRIGGER "TEST"."WORKER_TRG" ENABLE;
--------------------------------------------------------
--  Constraints for Table DELIVERY
--------------------------------------------------------

  ALTER TABLE "TEST"."DELIVERY" MODIFY ("TRACKING_NO" NOT NULL ENABLE);
  ALTER TABLE "TEST"."DELIVERY" MODIFY ("DATE_TIME" NOT NULL ENABLE);
  ALTER TABLE "TEST"."DELIVERY" MODIFY ("ADDRESS" NOT NULL ENABLE);
  ALTER TABLE "TEST"."DELIVERY" ADD PRIMARY KEY ("ORDER_ID")
  USING INDEX PCTFREE 10 INITRANS 2 MAXTRANS 255 
  STORAGE(INITIAL 65536 NEXT 1048576 MINEXTENTS 1 MAXEXTENTS 2147483645
  PCTINCREASE 0 FREELISTS 1 FREELIST GROUPS 1
  BUFFER_POOL DEFAULT FLASH_CACHE DEFAULT CELL_FLASH_CACHE DEFAULT)
  TABLESPACE "USERS"  ENABLE;
--------------------------------------------------------
--  Constraints for Table PICKUP
--------------------------------------------------------

  ALTER TABLE "TEST"."PICKUP" MODIFY ("DATE_TIME" NOT NULL ENABLE);
  ALTER TABLE "TEST"."PICKUP" ADD PRIMARY KEY ("ORDER_ID")
  USING INDEX PCTFREE 10 INITRANS 2 MAXTRANS 255 
  STORAGE(INITIAL 65536 NEXT 1048576 MINEXTENTS 1 MAXEXTENTS 2147483645
  PCTINCREASE 0 FREELISTS 1 FREELIST GROUPS 1
  BUFFER_POOL DEFAULT FLASH_CACHE DEFAULT CELL_FLASH_CACHE DEFAULT)
  TABLESPACE "USERS"  ENABLE;
--------------------------------------------------------
--  Constraints for Table CUSTOMER
--------------------------------------------------------

  ALTER TABLE "TEST"."CUSTOMER" MODIFY ("CUST_NAME" NOT NULL ENABLE);
  ALTER TABLE "TEST"."CUSTOMER" MODIFY ("CUST_NOPHONE" NOT NULL ENABLE);
  ALTER TABLE "TEST"."CUSTOMER" MODIFY ("CUST_EMAIL" NOT NULL ENABLE);
  ALTER TABLE "TEST"."CUSTOMER" MODIFY ("CUST_ID" NOT NULL ENABLE);
  ALTER TABLE "TEST"."CUSTOMER" ADD CONSTRAINT "CUSTOMER_PK" PRIMARY KEY ("CUST_ID")
  USING INDEX PCTFREE 10 INITRANS 2 MAXTRANS 255 COMPUTE STATISTICS 
  STORAGE(INITIAL 65536 NEXT 1048576 MINEXTENTS 1 MAXEXTENTS 2147483645
  PCTINCREASE 0 FREELISTS 1 FREELIST GROUPS 1
  BUFFER_POOL DEFAULT FLASH_CACHE DEFAULT CELL_FLASH_CACHE DEFAULT)
  TABLESPACE "USERS"  ENABLE;
--------------------------------------------------------
--  Constraints for Table SALESRECEIPT
--------------------------------------------------------

  ALTER TABLE "TEST"."SALESRECEIPT" MODIFY ("RECEIPT_ID" NOT NULL ENABLE);
  ALTER TABLE "TEST"."SALESRECEIPT" MODIFY ("RECEIPT_DATE" NOT NULL ENABLE);
  ALTER TABLE "TEST"."SALESRECEIPT" MODIFY ("RECEIPT_TIME" NOT NULL ENABLE);
  ALTER TABLE "TEST"."SALESRECEIPT" MODIFY ("PAYMENT_METHOD" NOT NULL ENABLE);
  ALTER TABLE "TEST"."SALESRECEIPT" MODIFY ("TOTAL_AMOUNT" NOT NULL ENABLE);
  ALTER TABLE "TEST"."SALESRECEIPT" MODIFY ("ORDER_ID" NOT NULL ENABLE);
  ALTER TABLE "TEST"."SALESRECEIPT" ADD PRIMARY KEY ("RECEIPT_ID")
  USING INDEX PCTFREE 10 INITRANS 2 MAXTRANS 255 
  STORAGE(INITIAL 65536 NEXT 1048576 MINEXTENTS 1 MAXEXTENTS 2147483645
  PCTINCREASE 0 FREELISTS 1 FREELIST GROUPS 1
  BUFFER_POOL DEFAULT FLASH_CACHE DEFAULT CELL_FLASH_CACHE DEFAULT)
  TABLESPACE "USERS"  ENABLE;
  ALTER TABLE "TEST"."SALESRECEIPT" ADD UNIQUE ("ORDER_ID")
  USING INDEX PCTFREE 10 INITRANS 2 MAXTRANS 255 
  STORAGE(INITIAL 65536 NEXT 1048576 MINEXTENTS 1 MAXEXTENTS 2147483645
  PCTINCREASE 0 FREELISTS 1 FREELIST GROUPS 1
  BUFFER_POOL DEFAULT FLASH_CACHE DEFAULT CELL_FLASH_CACHE DEFAULT)
  TABLESPACE "USERS"  ENABLE;
--------------------------------------------------------
--  Constraints for Table PRODUCT
--------------------------------------------------------

  ALTER TABLE "TEST"."PRODUCT" MODIFY ("PRODUCT_ID" NOT NULL ENABLE);
  ALTER TABLE "TEST"."PRODUCT" MODIFY ("PRODUCT_NAME" NOT NULL ENABLE);
  ALTER TABLE "TEST"."PRODUCT" MODIFY ("PRODUCT_DESC" NOT NULL ENABLE);
  ALTER TABLE "TEST"."PRODUCT" MODIFY ("PRICE" NOT NULL ENABLE);
  ALTER TABLE "TEST"."PRODUCT" ADD CONSTRAINT "PRODUCT_ID_PK" PRIMARY KEY ("PRODUCT_ID")
  USING INDEX PCTFREE 10 INITRANS 2 MAXTRANS 255 
  STORAGE(INITIAL 65536 NEXT 1048576 MINEXTENTS 1 MAXEXTENTS 2147483645
  PCTINCREASE 0 FREELISTS 1 FREELIST GROUPS 1
  BUFFER_POOL DEFAULT FLASH_CACHE DEFAULT CELL_FLASH_CACHE DEFAULT)
  TABLESPACE "USERS"  ENABLE;
--------------------------------------------------------
--  Constraints for Table WORKER
--------------------------------------------------------

  ALTER TABLE "TEST"."WORKER" MODIFY ("WORKER_NAME" NOT NULL ENABLE);
  ALTER TABLE "TEST"."WORKER" MODIFY ("WORKER_NOPHONE" NOT NULL ENABLE);
  ALTER TABLE "TEST"."WORKER" ADD PRIMARY KEY ("WORKER_ID")
  USING INDEX PCTFREE 10 INITRANS 2 MAXTRANS 255 
  STORAGE(INITIAL 65536 NEXT 1048576 MINEXTENTS 1 MAXEXTENTS 2147483645
  PCTINCREASE 0 FREELISTS 1 FREELIST GROUPS 1
  BUFFER_POOL DEFAULT FLASH_CACHE DEFAULT CELL_FLASH_CACHE DEFAULT)
  TABLESPACE "USERS"  ENABLE;
--------------------------------------------------------
--  Constraints for Table ORDERDETAILS
--------------------------------------------------------

  ALTER TABLE "TEST"."ORDERDETAILS" MODIFY ("ORDER_ID" NOT NULL ENABLE);
  ALTER TABLE "TEST"."ORDERDETAILS" MODIFY ("PRODUCT_ID" NOT NULL ENABLE);
  ALTER TABLE "TEST"."ORDERDETAILS" MODIFY ("SUBTOTAL" NOT NULL ENABLE);
  ALTER TABLE "TEST"."ORDERDETAILS" MODIFY ("QUANTITY" NOT NULL ENABLE);
  ALTER TABLE "TEST"."ORDERDETAILS" ADD PRIMARY KEY ("ORDER_ID", "PRODUCT_ID")
  USING INDEX PCTFREE 10 INITRANS 2 MAXTRANS 255 
  STORAGE(INITIAL 65536 NEXT 1048576 MINEXTENTS 1 MAXEXTENTS 2147483645
  PCTINCREASE 0 FREELISTS 1 FREELIST GROUPS 1
  BUFFER_POOL DEFAULT FLASH_CACHE DEFAULT CELL_FLASH_CACHE DEFAULT)
  TABLESPACE "USERS"  ENABLE;
--------------------------------------------------------
--  Constraints for Table ORDERS
--------------------------------------------------------

  ALTER TABLE "TEST"."ORDERS" MODIFY ("ORDER_ID" NOT NULL ENABLE);
  ALTER TABLE "TEST"."ORDERS" MODIFY ("ORDER_DATE" NOT NULL ENABLE);
  ALTER TABLE "TEST"."ORDERS" MODIFY ("ORDER_STATUS" NOT NULL ENABLE);
  ALTER TABLE "TEST"."ORDERS" MODIFY ("ORDER_TYPE" NOT NULL ENABLE);
  ALTER TABLE "TEST"."ORDERS" MODIFY ("CUST_ID" NOT NULL ENABLE);
  ALTER TABLE "TEST"."ORDERS" MODIFY ("WORKER_ID" NOT NULL ENABLE);
  ALTER TABLE "TEST"."ORDERS" ADD PRIMARY KEY ("ORDER_ID")
  USING INDEX PCTFREE 10 INITRANS 2 MAXTRANS 255 
  STORAGE(INITIAL 65536 NEXT 1048576 MINEXTENTS 1 MAXEXTENTS 2147483645
  PCTINCREASE 0 FREELISTS 1 FREELIST GROUPS 1
  BUFFER_POOL DEFAULT FLASH_CACHE DEFAULT CELL_FLASH_CACHE DEFAULT)
  TABLESPACE "USERS"  ENABLE;
--------------------------------------------------------
--  Ref Constraints for Table ORDERDETAILS
--------------------------------------------------------

  ALTER TABLE "TEST"."ORDERDETAILS" ADD FOREIGN KEY ("PRODUCT_ID")
	  REFERENCES "TEST"."PRODUCT" ("PRODUCT_ID") ENABLE;
--------------------------------------------------------
--  Ref Constraints for Table ORDERS
--------------------------------------------------------

  ALTER TABLE "TEST"."ORDERS" ADD CONSTRAINT "ORDERS_CUSTOMER_FK" FOREIGN KEY ("CUST_ID")
	  REFERENCES "TEST"."CUSTOMER" ("CUST_ID") ENABLE;
  ALTER TABLE "TEST"."ORDERS" ADD FOREIGN KEY ("WORKER_ID")
	  REFERENCES "TEST"."WORKER" ("WORKER_ID") ENABLE;
--------------------------------------------------------
--  Ref Constraints for Table WORKER
--------------------------------------------------------

  ALTER TABLE "TEST"."WORKER" ADD FOREIGN KEY ("OWNER_ID")
	  REFERENCES "TEST"."WORKER" ("WORKER_ID") ENABLE;
